created_at,referenced_type,referenced_id,source,id,reply_settings,lang,author_id,text,geo_id,retweet_count,reply_count,like_count,quote_count,conversation_id,api_date,username,description,user_verified,user_created_at,user_name,user_followers_count,user_following_count,user_tweet_count,user_listed_count,place_type,country,full_name,country_code,name,result_count,next_token
2022-08-12T23:13:31.000Z,,,Twitter for iPhone,1558230228224417792,everyone,pt,1199519105528844288,queria sextar com a meninas lÃ¡ no centro de novo,,0,0,0,0,1558230228224417792,2022-08-23 00:00:12.310970,frevooi,JM,False,2019-11-27T02:43:47.000Z,Ø˜luana,3,142,130,0,none,none,none,none,none,491,b26v89c19zqg8o3fpz5nhfkgednran28lugsfi5lt0ynx
2022-08-12T23:13:31.000Z,retweeted,1.5581202617061868e+18,Twitter for Android,1558230228207542272,everyone,en,1398825224121077764,RT @KarakasaWarden: dan schneider waking up the victorious cast who were black out drunk to hand them the teleplay for an episode where theâ€¦,,1,0,0,0,1558230228207542272,2022-08-23 00:00:12.310970,redsofahead,"doin/yer mom (she/they)
I draw sometimes, its mostly obscure shit 

bi-asexual I think? labels are hard",False,2021-05-30T02:15:08.000Z,RedSofaHead,45,1090,4875,0,none,none,none,none,none,491,b26v89c19zqg8o3fpz5nhfkgednran28lugsfi5lt0ynx
2022-08-12T23:13:31.000Z,replied_to,1.5582272386839183e+18,Twitter for Android,1558230228178182145,everyone,en,183867109,Clare skin up the whole apple cart ğŸ˜­,,0,1,0,0,1558227238683918338,2022-08-23 00:00:12.310970,LilMissApplePie,a sarcastic ray of sunshine. ğŸ‡§ğŸ‡§â™ï¸ #KDot,False,2010-08-28T02:36:23.000Z,shaan.,1132,772,120437,4,none,none,none,none,none,491,b26v89c19zqg8o3fpz5nhfkgednran28lugsfi5lt0ynx
2022-08-12T23:13:31.000Z,quoted,1.5581568416241418e+18,Twitter Web App,1558230228123598849,everyone,en,31006088,"It's all right, Rudy. Keep your fists up. What else can you do? But you can't fight your way out of this one. https://t.co/5eMUfFcHHA",,1,0,3,0,1558230228123598849,2022-08-23 00:00:12.311470,writewiz,"Fulbright Scholar to Russia, former Professor of English, Ph.D., animal lover. Writes novels about a dystopian America resulting from Trumpism. No DMs.",False,2009-04-14T00:33:41.000Z,Elaine McCullough,2010,3660,28431,2,none,none,none,none,none,491,b26v89c19zqg8o3fpz5nhfkgednran28lugsfi5lt0ynx
2022-08-12T23:13:31.000Z,,,mamaluigi_txt,1558230228106878978,everyone,en,727704258246676481,(Disolve to outside Mama Fireplant's island dome. Kootie Pie and the Koopa Troopa are coming up through a drain),,0,0,0,0,1558230228106878978,2022-08-23 00:00:12.311470,mamaluigi_txt,Tweets random quotes (by ear) and actions (by how it looked) from the Super Mario World show once an hour | DMs are open for requests,False,2016-05-04T03:39:50.000Z,Mama Luigi,2497,6,52807,10,none,none,none,none,none,491,b26v89c19zqg8o3fpz5nhfkgednran28lugsfi5lt0ynx
2022-08-12T23:13:31.000Z,retweeted,1.5581491232237404e+18,Twitter for iPhone,1558230228094287872,everyone,en,596097345,RT @spicebae_: falling in love w the wrong mf or someone who asks a certain way at first then changes up on you once you're in will fuck yoâ€¦,,1268,0,0,0,1558230228094287872,2022-08-23 00:00:12.311470,xoxo_ariee,ğŸ³ï¸â€ğŸŒˆ.. R.i.p Daddy I love youâ¤ï¸ğŸ•Š,False,2012-06-01T01:51:07.000Z,AğŸ’–,1054,500,84403,3,none,none,none,none,none,491,b26v89c19zqg8o3fpz5nhfkgednran28lugsfi5lt0ynx
2022-08-12T23:13:31.000Z,replied_to,1.558228991793832e+18,Twitter for iPad,1558230227905613828,everyone,en,832375857054375936,"@michaelharriot Man, they canâ€™t make up their minds which brand of beer to stick to. Donâ€™t rely on Americans, their as fickle as hummingbirds.",,0,0,1,0,1558228991793831937,2022-08-23 00:00:12.311470,wethinkheleaks,"Ohio USA, pro labor, pro business social consciousness, pro water safety and conservation. I believe changing the voting rules and districts is cheating.",False,2017-02-16T23:47:23.000Z,Born a Free man in the USA,45,205,4962,0,none,none,none,none,none,491,b26v89c19zqg8o3fpz5nhfkgednran28lugsfi5lt0ynx
2022-08-12T23:13:31.000Z,retweeted,1.5582100021959926e+18,Twitter Web App,1558230227884445697,everyone,ja,2340083024,"RT @JMAXMLAlerts: ã€ä»¤å’Œï¼”å¹´ã€€å°é¢¨ç¬¬ï¼˜å·ã«é–¢ã™ã‚‹èŒ¨åŸçœŒæ°—è±¡æƒ…å ±ã€‘
8æœˆ13æ—¥06æ™‚20åˆ†
å°é¢¨ç¬¬ï¼˜å·ã¯ã€ï¼‘ï¼“æ—¥å¤œã®ã¯ã˜ã‚é ƒã‹ã‚‰å¤œé…ãã«ã‹ã‘ã¦ã€èŒ¨åŸçœŒã«ã‹ãªã‚Šæ¥è¿‘ã—é€šéã™ã‚‹ãŠãã‚ŒãŒã‚ã‚Šã¾ã™ã€‚èŒ¨åŸçœŒã§ã¯ã€ï¼‘ï¼“æ—¥å¤•æ–¹ã‹ã‚‰ï¼‘ï¼”æ—¥æ˜ã‘æ–¹ã«ã‹ã‘ã¦ã€å¤§â€¦
https://tâ€¦",,8,0,0,0,1558230227884445697,2022-08-23 00:00:12.311470,NoboruYanagi,,False,2014-02-12T10:00:50.000Z,ã‚³ã‚¢ãƒ©ğŸŒ¥ï¸æ±äº¬æ˜­å³¶,596,1903,353056,26,none,none,none,none,none,491,b26v89c19zqg8o3fpz5nhfkgednran28lugsfi5lt0ynx
2022-08-12T23:13:31.000Z,retweeted,1.5582284276097188e+18,Twitter Web App,1558230227876302850,everyone,en,4554120017,"RT @Mrs_V_6047: HELP ğŸ’” HEARTBREAKINGğŸ˜¥ JUST LOOK AT THIS GORGEOUS BOY, SO FULL OF LIFE ğŸ™PLEASE DON'T LET HIM DIE ğŸ’”SOMEONE PLEASE STEP UP FORâ€¦",,27,0,0,0,1558230227876302850,2022-08-23 00:00:12.311470,SineQuaNon2015,,False,2015-12-21T06:18:33.000Z,Sine_Qua_Non,2657,2963,230519,63,none,none,none,none,none,491,b26v89c19zqg8o3fpz5nhfkgednran28lugsfi5lt0ynx
2022-08-12T23:13:31.000Z,,,Twitter,1558230227842527233,everyone,en,1346507248659529745,"ğŸ‘‰ $15.99 ğŸ‘ˆ
FANMATS 22603 Pittsburgh Steelers Hitch Cover  3D Color Emblem @topfanscorner 
#FANMATS  #PittsburghSteelers #Hitch #Cover  #D #Color #NFL #Football #NFLfans 

Hurry up to get it for the best price!
https://t.co/A8Lsj3J4ti",,0,0,0,0,1558230227842527233,2022-08-23 00:00:12.311470,topfanscorner,"All #NFL, #NBA, #MLB, #NHL fans are here. Join us and follow us on FB https://t.co/kV11WKZNPF !",False,2021-01-05T17:22:13.000Z,topfanscorner,6480,6417,597047,9,none,none,none,none,none,491,b26v89c19zqg8o3fpz5nhfkgednran28lugsfi5lt0ynx
2022-08-12T23:13:31.000Z,retweeted,1.5582283465422152e+18,Twitter for Android,1558230227830165505,everyone,pt,2946760821,"RT @Botafogo: Bora jogar?! ğŸ®ğŸ”¥

Aperta o START aÃ­ junto com o BOSS @JohnTextor para descobrir quem Ã© o novo atacante do BOTAFOGO! â–¶ï¸âš½ï¸ #BOTAâ€¦",,1744,0,0,0,1558230227830165505,2022-08-23 00:00:12.311470,BfrLouco,"@Botafogo
@Realmadrid
@losgrandesgg

com os deuses a meu favor",False,2014-12-29T00:07:15.000Z,Bart,268,271,25214,0,none,none,none,none,none,491,b26v89c19zqg8o3fpz5nhfkgednran28lugsfi5lt0ynx
2022-08-12T23:13:31.000Z,retweeted,1.5582239717530706e+18,Twitter for iPhone,1558230227829936128,everyone,en,1513198400459603970,"RT @LoveGlowberry: NECESITAMOS SUBIR LAS MENCIONES O PODEMOS PERDER EL # 1 EN EL HOT TRENDING SONG.

DEN RT SI VEN ESTO EN SU TL Y SUMEMOSâ€¦",,841,0,0,0,1558230227829936128,2022-08-23 00:00:12.311968,niyosequedigo1,DÃ©jate fluir como el agua...~,False,2022-04-10T16:53:39.000Z,ale,51,246,4055,0,none,none,none,none,none,491,b26v89c19zqg8o3fpz5nhfkgednran28lugsfi5lt0ynx
2022-08-12T23:13:31.000Z,retweeted,1.553432092532527e+18,Twitter for iPhone,1558230227779739649,everyone,en,1494379489241010184,RT @daniibaddazz: Nigga woke me up out my sleep just for me to put his dick in my mouth ğŸ˜‚yk I couldnâ€™t resist https://t.co/8MHGNBwwyC,,67,0,0,0,1558230227779739649,2022-08-23 00:00:12.311968,Fffyu52638384,,False,2022-02-17T18:33:52.000Z,Fffyu,15,132,225,0,none,none,none,none,none,491,b26v89c19zqg8o3fpz5nhfkgednran28lugsfi5lt0ynx
2022-08-12T23:13:31.000Z,retweeted,1.558149631824892e+18,Twitter for iPhone,1558230227733594114,everyone,en,1443553471245004801,RT @_NaRissaj: Sometimes I be thinking how easy it would be to run a bag up doing onlyfans or being a stripper BUT i have to much respect fâ€¦,,2,0,0,0,1558230227733594114,2022-08-23 00:00:12.311968,misfa1ths,ğŸ‡³ğŸ‡¬ // TikTok: misfa1ths,False,2021-09-30T12:29:12.000Z,D!nağŸ’‹,797,524,3154,0,none,none,none,none,none,491,b26v89c19zqg8o3fpz5nhfkgednran28lugsfi5lt0ynx
2022-08-12T23:13:31.000Z,retweeted,1.558159064328192e+18,Twitter Web App,1558230227611815936,everyone,en,1521751559234674690,RT @RoughUncles: I wanted to remember the way my son rode my cock so I put up a secret camera to record our fun ğŸ˜ˆ https://t.co/z4inMKKUoj,,1044,0,0,0,1558230227611815936,2022-08-23 00:00:12.311968,Anthony25032547,"Looking for a good time, all the time..
6'0"" 140lbs bottom boy here on the island!!",False,2022-05-04T07:20:43.000Z,Liltony,171,1352,1492,0,none,none,none,none,none,491,b26v89c19zqg8o3fpz5nhfkgednran28lugsfi5lt0ynx
2022-08-12T23:13:31.000Z,retweeted,1.5578387574656942e+18,Twitter for iPhone,1558230227486138370,everyone,en,780136564370309122,RT @GoatYogurtt: DRUMMER MARCY REALâ€¼ï¸â€¼ï¸â€¼ï¸ (also I wish I could have made the drums a bit more accurate and the worms just fill up space ğŸ’¥)â€¦,,167,0,0,0,1558230227486138370,2022-08-23 00:00:12.311968,girllover45,"17, nd, white, lesbian â™¡à¥¢â‚â¸â¸ŒÌ£Ê·Ì£Ì«â¸Ì£â¸Œâ‚ transmasc",False,2016-09-25T20:07:06.000Z,ğŸ¦• max!,1057,3544,58133,8,none,none,none,none,none,491,b26v89c19zqg8o3fpz5nhfkgednran28lugsfi5lt0ynx
2022-08-12T23:13:31.000Z,retweeted,1.5581516621869302e+18,Twitter for iPhone,1558230227431587840,everyone,en,309106340,"RT @GeorgeTakei: So let me see if I have this straight. The documents were all turned over to the FBI, besides none of them was classified,â€¦",,3073,0,0,0,1558230227431587840,2022-08-23 00:00:12.311968,LRick1960,"mom,behavioral health administrative assistant extraordinaire, great cook,slightly humorous, northeast resister.Proud daughter of WWII Navy VetğŸ‡ºğŸ‡¸",False,2011-06-01T14:56:29.000Z,Lynn,13828,14447,203061,79,none,none,none,none,none,491,b26v89c19zqg8o3fpz5nhfkgednran28lugsfi5lt0ynx
2022-08-12T23:13:31.000Z,replied_to,1.5582281842853233e+18,Twitter Web App,1558230227381374978,everyone,en,774188112,@chflutter @math_sonnets Rudy's got his own problems. He said or health reasons he could not travel to Georgia but he's up in either NH or Vermont.,,0,0,3,0,1558226578802458624,2022-08-23 00:00:12.311968,JenniferNYC,"Victims/Animal Advocate. NYU Law grad OSU poli-si. Lover of Yankees, Music &Animals. Non-profit boards. 3 strikes and your out. Blue is my color OMO",False,2012-08-22T18:03:16.000Z,Jennifer ğŸ’•,4885,4771,56066,16,none,none,none,none,none,491,b26v89c19zqg8o3fpz5nhfkgednran28lugsfi5lt0ynx
2022-08-12T23:13:31.000Z,retweeted,1.5581888246976594e+18,Twitter for Android,1558230227381374976,everyone,es,1384630084473180162,"RT @SoyCBorges: Usted es un Presidente Obrero NicolÃ¡s. Dando pleno respaldo a la clase trabajadora del Sector Educativo.

#GraciasPresidentâ€¦",,136,0,0,0,1558230227381374976,2022-08-23 00:00:12.311968,EstefaniCh5,100% chavista y maduristağŸ‡»ğŸ‡ª|tuitera activağŸ“Œ,False,2021-04-20T22:08:42.000Z,Estefani Ch,110,27,15910,0,none,none,none,none,none,491,b26v89c19zqg8o3fpz5nhfkgednran28lugsfi5lt0ynx
2022-08-12T23:13:31.000Z,replied_to,1.5575322752392602e+18,Twitter Web App,1558230227150520321,everyone,en,710549117555109888,@joncoopertweets Smoke some weed and go to sleep -- you will wake up in whatever alternative reality you want for yourself.,,0,0,0,0,1557532275239260161,2022-08-23 00:00:12.312467,rashidakhan1977,Baby murder is not a constitutionally protected right.,False,2016-03-17T19:31:25.000Z,Pro-life Potter Sibyl,555,745,27690,7,none,none,none,none,none,491,b26v89c19zqg8o3fpz5nhfkgednran28lugsfi5lt0ynx
2022-08-12T23:13:31.000Z,retweeted,1.5582159259329536e+18,Twitter Web App,1558230227070832640,everyone,en,41641653,RT @Angry_Staffer: This Brandon fellow sure is racking up accomplishments,,5787,0,0,0,1558230227070832640,2022-08-23 00:00:12.312467,bscritic,Bob Strauss covers film and television for the San Francisco Chronicle and whoever else will pay him.,False,2009-05-21T18:14:29.000Z,Bob Strauss,1470,768,74034,73,none,none,none,none,none,491,b26v89c19zqg8o3fpz5nhfkgednran28lugsfi5lt0ynx
2022-08-12T23:13:31.000Z,retweeted,1.5581706575816663e+18,Twitter for Android,1558230226756403203,everyone,en,1042496011246026752,RT @LilSinBean: Have I ever told you that Ra is CAKED up? https://t.co/SOqWZPjNof,,5,0,0,0,1558230226756403203,2022-08-23 00:00:12.312467,EmperorFox1,"Now running a library ( png coming soon)
 Sorry if I'm lewd, but also not sorry.",False,2018-09-19T19:29:52.000Z,Foxboi ( Also known as Atomic),100,733,44206,0,none,none,none,none,none,491,b26v89c19zqg8o3fpz5nhfkgednran28lugsfi5lt0ynx
2022-08-12T23:13:31.000Z,retweeted,1.5581022729278423e+18,Twitter Web App,1558230226743660544,everyone,en,1145192222070984706,RT @owillis: so did any hill reporter even bring up the attack on the fbi building to any house republicans today? or is that off limits beâ€¦,,302,0,0,0,1558230226743660544,2022-08-23 00:00:12.312467,ErrantNerd,"A youtube video maker, focusing on fantasy, superheroes, and my favorite video games.",False,2019-06-30T04:47:57.000Z,The Nerd Errant,180,554,140226,4,none,none,none,none,none,491,b26v89c19zqg8o3fpz5nhfkgednran28lugsfi5lt0ynx
2022-08-12T23:13:31.000Z,retweeted,1.5556259113361244e+18,Twitter for iPhone,1558230226622087170,everyone,en,1228812386259390464,RT @GraysonsCumRag: It the way his massive arm almost covers up the entire photo ğŸ˜© (also his face in the photo is so fucking hot ğŸ¤¤) https:/â€¦,,26,0,0,0,1558230226622087170,2022-08-23 00:00:12.312467,OwenJoynerslut,18,False,2020-02-15T22:44:48.000Z,OPGcumslut,311,113,5343,1,none,none,none,none,none,491,b26v89c19zqg8o3fpz5nhfkgednran28lugsfi5lt0ynx
2022-08-12T23:13:31.000Z,retweeted,1.5581492316548874e+18,Twitter for Android,1558230226521321473,everyone,en,1557304657361260544,"RT @tendiesapp: ğŸš¨We are giving away $1,000 to broker connected users!ğŸš¨
ğŸ“ˆDownload the Tendies app or sign up on desktop to connect and postâ€¦",,11965,0,0,0,1558230226521321473,2022-08-23 00:00:12.312467,jihyoo123,i am not multi account my account is suspended @joyred123 @bigwin123 @claywin_freetag thank you,False,2022-08-10T09:55:56.000Z,jancok freetag unlimited,45,999,3600,0,none,none,none,none,none,491,b26v89c19zqg8o3fpz5nhfkgednran28lugsfi5lt0ynx
2022-08-12T23:13:31.000Z,retweeted,1.5582276498013635e+18,Twitter for Android,1558230226504663041,everyone,pt,1302807343948804102,"RT @kimpaim: A mentira tem perna curta e 9 dedos.

A turma do Lula nÃ£o vai pelo menos apagar as fakenews? Porque se desculpar Ã© algo inimagâ€¦",,1316,0,0,0,1558230226504663041,2022-08-23 00:00:12.312967,Levicm1e,,False,2020-09-07T03:15:05.000Z,Levi C Machado,230,177,15142,0,none,none,none,none,none,491,b26v89c19zqg8o3fpz5nhfkgednran28lugsfi5lt0ynx
2022-08-12T23:13:31.000Z,retweeted,1.558146609619288e+18,Twitter for iPhone,1558230226475356161,everyone,en,1138997034894155778,RT @SlimHeroics: Nigga see a woman he likes in your mentions and now every tweet of yours is hilarious. Nigga will quote the shit and get pâ€¦,,15,0,0,0,1558230226475356161,2022-08-23 00:00:12.314465,gudgirlgonebod,"i dont like baby daddies, leave me alone || ğŸ‡¯ğŸ‡²ğŸ‡¸ğŸ‡½",False,2019-06-13T02:30:29.000Z,FellyTheStallion,995,412,159032,8,none,none,none,none,none,491,b26v89c19zqg8o3fpz5nhfkgednran28lugsfi5lt0ynx
2022-08-12T23:13:31.000Z,retweeted,1.558185966829015e+18,Twitter for Android,1558230226420867074,everyone,es,260918288,"RT @MundoEConflicto: ğŸ‡ºğŸ‡¸ | Luego del allanamiento de esta semana, el FBI encontrÃ³ 11 conjuntos de documentos clasificados, algunos de ellosâ€¦",,99,0,0,0,1558230226420867074,2022-08-23 00:00:12.314465,elias_artista,"Naci en El Salvador en el aÃ±o de 1974 con plena conciencia como le cuadra al hombre despierto, en busca de los hechos malditos ignorados por la ciencia.",False,2011-03-04T21:51:20.000Z,elias_artista,221,502,103326,1,none,none,none,none,none,491,b26v89c19zqg8o3fpz5nhfkgednran28lugsfi5lt0ynx
2022-08-12T23:13:31.000Z,retweeted,1.5580945400823972e+18,Twitter for iPhone,1558230226274066433,everyone,es,987395192,"RT @IglesiasJulio87: ""En caso de que las reservas de gas no sean suficientes podemos acudir a Venezuela"", dice la ministra de Minas. Yo habâ€¦",,2289,0,0,0,1558230226274066433,2022-08-23 00:00:12.314964,antoniofonseca0,Abogado. DIOS conmigo estÃ¡.,False,2012-12-03T20:44:59.000Z,Antonio fonseca z,472,499,26602,1,none,none,none,none,none,491,b26v89c19zqg8o3fpz5nhfkgednran28lugsfi5lt0ynx
2022-08-12T23:13:31.000Z,,,Twitter for iPhone,1558230226185986052,everyone,en,936477507490123776,"Have you ever been so fucked up you watch a video of yourself showing off a new shirt and obsess over how beautiful you really are? 
ğŸ¥¹ğŸ¥¹ğŸ¥¹ 

Is this self love? https://t.co/K7uM6e4ExZ",,0,0,8,0,1558230226185986052,2022-08-23 00:00:12.314964,_Lassie26,Goddess of Gas. !fart I ğŸ’• Doodling & Puns (she/her) â¤ï¸âœŒğŸ¼ ğŸ•¹ Community Member of @ourgamelounge âœ‰ï¸Business Inquiries: lassie26streams@gmail.com,False,2017-12-01T06:10:11.000Z,Lassie,1468,1646,19709,13,none,none,none,none,none,491,b26v89c19zqg8o3fpz5nhfkgednran28lugsfi5lt0ynx
2022-08-12T23:13:31.000Z,retweeted,1.5578726013176586e+18,Twitter for Android,1558230226123227136,everyone,in,1187250734204456960,"RT @24Abdil: Ukhti up
https://t.co/0Ii5iDn7sC

https://t.co/d1cQjiKMqi

https://t.co/TusDSVt2Sg

https://t.co/HFSN3JTDAj

https://t.co/uFoTâ€¦",,1698,0,0,0,1558230226123227136,2022-08-23 00:00:12.315464,saromben007,,False,2019-10-24T06:13:36.000Z,Pengenngentot,13,55,295,1,none,none,none,none,none,491,b26v89c19zqg8o3fpz5nhfkgednran28lugsfi5lt0ynx
2022-08-12T23:13:31.000Z,retweeted,1.558115838795948e+18,Twitter for Android,1558230226055958529,everyone,pt,139589138,RT @ThiagoResiste: @LulaOficial Quem tÃ¡ com Lula comenta aÃ­ ESTOU COM LULA,,252,0,0,0,1558230226055958529,2022-08-23 00:00:12.315464,marcelodestaque,,False,2010-05-03T02:49:08.000Z,ğŸš©ğŸš©Marcelo Moraes ğŸš©ğŸš©,480,1562,31443,1,none,none,none,none,none,491,b26v89c19zqg8o3fpz5nhfkgednran28lugsfi5lt0ynx
2022-08-12T23:13:31.000Z,retweeted,1.5582215579353416e+18,Twitter for Android,1558230225980358657,everyone,pt,705857298015653888,"RT @iamnotbgrei_: Personagens que me representam

Jair Bolsonaro 
FlÃ¡vio Bolsonaro 
Eduardo Bolsonaro",,15,0,0,0,1558230225980358657,2022-08-23 00:00:12.315464,mo4ios,,False,2016-03-04T20:47:48.000Z,:D âœï¸,233,332,104260,0,none,none,none,none,none,491,b26v89c19zqg8o3fpz5nhfkgednran28lugsfi5lt0ynx
2022-08-12T23:13:31.000Z,retweeted,1.5581977308199404e+18,Twitter for iPhone,1558230225959493637,everyone,en,1481623258189467655,RT @bruhfIovski: SOUTH PARK NATION WAKE UP #sptwt #SouthPark https://t.co/LmUR1bxayb,,271,0,0,0,1558230225959493637,2022-08-23 00:00:12.315464,PanNdMentlyIll,"FTM TR@NN7, EDTWT, SHTWT, SPTWT, CREE ğŸ’, PAN and finally, ğŸ’…
bitch im 16 lmao forgot that part",False,2022-01-13T13:44:54.000Z,MayMay,82,177,2901,1,none,none,none,none,none,491,b26v89c19zqg8o3fpz5nhfkgednran28lugsfi5lt0ynx
2022-08-12T23:13:30.000Z,retweeted,1.558207817235964e+18,Twitter for Android,1558230225762533376,everyone,en,1455180382018539521,"RT @muftimenk: Youâ€™ll be hurt, youâ€™ll be in pain. Youâ€™ll fall. Thatâ€™s part of life. But as long as you get hold of yourself and get back upâ€¦",,10953,0,0,0,1558230225762533376,2022-08-23 00:00:12.315962,gucihoomann,Â»Â»â€”â€”âœ§'you give me the best of me show you'll give you the best of you'âœ§â€”â€”Â«Â«..ï½¡oâ—‹â™¡@bts_twtâ™¡â—‹oï½¡..ğŸª,False,2021-11-01T14:30:27.000Z,pia,844,1065,20715,0,none,none,none,none,none,491,b26v89c19zqg8o3fpz5nhfkgednran28lugsfi5lt0ynx
2022-08-12T23:13:30.000Z,retweeted,1.558229984921133e+18,Twitter for Android,1558230225699442689,everyone,en,1369043414013140997,"RT @FIBO_80s_CHILD: @irfan48866005 @Squid_Grow @Squid_Grow is ready for the next leg up! Don't sleep on this, fill your wallets! This thingâ€¦",,4,0,0,0,1558230225699442689,2022-08-23 00:00:12.315962,Crypto__G3,ğŸ™,False,2021-03-08T21:52:50.000Z,Crypto G3 (El Alfa),171,257,5810,11,none,none,none,none,none,491,b26v89c19zqg8o3fpz5nhfkgednran28lugsfi5lt0ynx
2022-08-12T23:13:30.000Z,retweeted,1.5581451046234112e+18,TweetDeck,1558230225695170560,everyone,en,49712780,"RT @videogamedeals: Follow CAG, @upswitchusa &amp; Retweet for a Chance to Win an Orion by Up-Switch, a Integrated HD IPS 11.6 Monitor made forâ€¦",,2495,0,0,0,1558230225695170560,2022-08-23 00:00:12.315962,WolfSamurai,"Geek, writer, editor, and gamer. He/Him. Freelance RPG designer. I do lots of 13th Age stuff. https://t.co/qgJUDSflDj",False,2009-06-22T18:16:10.000Z,Aaron,969,572,87828,77,none,none,none,none,none,491,b26v89c19zqg8o3fpz5nhfkgednran28lugsfi5lt0ynx
2022-08-12T23:13:30.000Z,retweeted,1.558181657802408e+18,Twitter for iPhone,1558230225653309443,everyone,en,448275996,"RT @JohnFetterman: The only code youâ€™re allowed to steal is Up, Up, Down, Down, Left, Right, Left, Right, B, A, Start",,7225,0,0,0,1558230225653309443,2022-08-23 00:00:12.315962,JFitzpatrick71,"lawyer, advocate for the deaf and hard-of-hearing",False,2011-12-27T20:33:20.000Z,jeremy fitzpatrick,516,3126,1965,9,none,none,none,none,none,491,b26v89c19zqg8o3fpz5nhfkgednran28lugsfi5lt0ynx
2022-08-12T23:13:30.000Z,retweeted,1.5581664294629745e+18,Twitter for Android,1558230225581813760,everyone,en,1072985366880182272,RT @RiseFallNickBck: It all adds up. https://t.co/oa8ZwyXEnT,,33,0,0,0,1558230225581813760,2022-08-23 00:00:12.315962,RuttsuS,"I'm love anime, drawing, Legos, roleplay, cartoons, video games, dragon ball, one piece, bleach and other animes

He/Him

I'm a huge fan of Good 21 and human 21",False,2018-12-12T22:43:41.000Z,Jamerson Wooldridge,358,838,353101,4,none,none,none,none,none,491,b26v89c19zqg8o3fpz5nhfkgednran28lugsfi5lt0ynx
2022-08-12T23:13:30.000Z,,,Twitter Web App,1558230225514729472,everyone,nl,1549547065595908096,"Rise(UK) 40.5-42-43-45-46-49-52-55-58 41-58 41.5-43 42-43-46-49-52-55 43-46-49-52-55-58-62 Step up Filter Ring Adapter (40.5m [CJ9OFJE]

https://t.co/SRmxaW1xnf",,0,0,0,0,1558230225514729472,2022-08-23 00:00:12.315962,Jonatan581,,False,2022-07-20T00:09:55.000Z,Jonatan58,1,2,2635,0,none,none,none,none,none,491,b26v89c19zqg8o3fpz5nhfkgednran28lugsfi5lt0ynx
2022-08-12T23:13:30.000Z,replied_to,1.558184294899671e+18,Twitter for iPhone,1558230225497968641,everyone,en,791063286850719744,@MarshaBlackburn Shut Up no oneâ€™s care what you think or want,,0,0,0,0,1558184294899671042,2022-08-23 00:00:12.315962,Jackiewaltman1,"America needs to stand up we need to take back our White House and prison all Americans who has betrayed it, wake up now and take charge our children deserve it",False,2016-10-25T23:45:59.000Z,justice/accountability. ğŸ’‰ğŸ’‰ğŸ’‰ğŸ‡ºğŸ‡¦,261,1136,11280,0,none,none,none,none,none,491,b26v89c19zqg8o3fpz5nhfkgednran28lugsfi5lt0ynx
2022-08-12T23:13:30.000Z,,,Twitter for iPhone,1558230225477320705,everyone,en,64353966,Lock him up? Violations of the Espionage Act were amongst the laws cited in warrant for top secret documents Trump unlawfully stashed at his country club home. https://t.co/0aqBaXYmLp,,1,0,1,0,1558230225477320705,2022-08-23 00:00:12.316461,LeslieCannold,US-born Oz-based Ethicist & Fiction + Non-fiction Author. Fairfax+Power Index gongs as top thinker; 2011 Humanist of the Year. Columnist @crikey_news,False,2009-08-10T07:17:40.000Z,Dr Leslie Cannold,10788,1138,33986,437,none,none,none,none,none,491,b26v89c19zqg8o3fpz5nhfkgednran28lugsfi5lt0ynx
2022-08-12T23:13:30.000Z,retweeted,1.557903686931665e+18,Twitter for iPhone,1558230225418219521,everyone,in,821602302431789056,"RT @FaizinAzmi: so cerita dia, pagi hari khamis aku bangun dada rasa tak ngam. aku ingat muscle sprain so aku buat la bodo sapu minyak capâ€¦",,12535,0,0,0,1558230225418219521,2022-08-23 00:00:12.316461,mizanrzk,life is play,False,2017-01-18T06:17:08.000Z,â€Ù…ÙŠØ²Ø§Ù† Ø±Ø²Ù‚,100,187,8726,0,none,none,none,none,none,491,b26v89c19zqg8o3fpz5nhfkgednran28lugsfi5lt0ynx
2022-08-12T23:13:30.000Z,retweeted,1.5581216103260365e+18,Twitter for Android,1558230225309388802,everyone,es,1269324746556092417,"RT @CoalicionMulti: VAMOS POR LOS 15.000 SEGUIDORES!

Hagamos llegar esta cuenta de apoyo al Presidente Luis Lacalle Pou y la coaliciÃ³n deâ€¦",,267,0,0,0,1558230225309388802,2022-08-23 00:00:12.316461,rcpereira1272_,HAY ORDEN DE NO AFLOJAR!!!ğŸ’™ğŸ’™ğŸ’™ğŸ‡ºğŸ‡¾ğŸ‡ºğŸ‡¾ğŸ‡ºğŸ‡¾,False,2020-06-06T17:46:35.000Z,Rosa Pereira,2969,3088,184793,0,none,none,none,none,none,491,b26v89c19zqg8o3fpz5nhfkgednran28lugsfi5lt0ynx
2022-08-12T23:13:30.000Z,retweeted,1.5581993096062935e+18,Twitter for Android,1558230225225490446,everyone,es,1510793018147807237,RT @YoAlejoV: QuÃ© bueno tener un presidente que responde a las preguntas de los periodistas y no como Duque que solo organizaba auto entrevâ€¦,,1318,0,0,0,1558230225225490446,2022-08-23 00:00:12.316461,jaime_velosa,"Docente, investigador, clÃ­nica psicoanalÃ­tica.",False,2022-04-04T01:35:15.000Z,Jaime Velosa,59,180,5197,0,none,none,none,none,none,491,b26v89c19zqg8o3fpz5nhfkgednran28lugsfi5lt0ynx
2022-08-12T23:13:30.000Z,,,Twitter for iPhone,1558230225154150403,everyone,en,1517623917216739329,"@IlhanMN America, the way itâ€™s structured. Saved your life. So you grow up under its privileges and great $9 coffee. Now according to you America is poison and needs destroyed? When did you become radicalized? If America saving lives of people like you? A two faced biatch!",,0,0,0,0,1558230225154150403,2022-08-23 00:00:12.316461,jmac44976,WHITE 50 STR8 MALE PRIDEâ€¢Pro-Wounded Warriorsâ€¢Pro-lifeâ€¢Pro-Trumpâ€¢Anti-Tranâ€God DOESNT make mistakesâ€â€¢I have MS but MS does not have meâ€¢MS Warrior,False,2022-04-22T21:59:09.000Z,Johnny Mac,68,202,1818,0,none,none,none,none,none,491,b26v89c19zqg8o3fpz5nhfkgednran28lugsfi5lt0ynx
2022-08-12T23:13:30.000Z,retweeted,1.5580158517138596e+18,Twitter Web App,1558230225028542465,everyone,en,1401833452517744642,"RT @mystarlings: pov you just woke up, it's january  2022, lxiem still fresh debut, british debuff is one of the funniest thing, njen slowlâ€¦",,290,0,0,0,1558230225028542465,2022-08-23 00:00:12.316961,morihoshin_n,"body in abyss, heart in paradise ..ğŸŒŒ ""æˆ‘æ°¸è¿œæ˜¯ä½ æœ€å¿ å®çš„ä¿¡å¾’.â€ ğŸ‡¯ğŸ‡µğŸ‡¨ğŸ‡³ğŸ‡µğŸ‡­ pfp creds : @To___e",False,2021-06-07T09:29:26.000Z,mori,881,1341,12214,15,none,none,none,none,none,491,b26v89c19zqg8o3fpz5nhfkgednran28lugsfi5lt0ynx
2022-08-12T23:13:30.000Z,,,Twitter for iPhone,1558230224910929921,everyone,pt,108390002,"Hoje o dia estÃ¡ sendo muito intenso. JÃ¡ chorei, jÃ¡ sorri, jÃ¡ trabalhei pesado. agora tÃ´ no meu bar vendo quantas coisas boas estÃ£o acontecendo comigo. TÃ¡ dando vontade de chorar de novo",d1fc0c973adbff22,0,0,2,0,1558230224910929921,2022-08-23 00:00:12.316961,igorestevao,,False,2010-01-25T20:03:09.000Z,O EstevÃ£o,495,430,10064,0,city,Brasil,"SÃ£o GonÃ§alo, Brasil",BR,SÃ£o GonÃ§alo,491,b26v89c19zqg8o3fpz5nhfkgednran28lugsfi5lt0ynx
2022-08-12T23:13:30.000Z,retweeted,1.558133864392016e+18,Twitter for Android,1558230224902529027,everyone,es,1064583825051791362,"RT @josevico4: Macarena Olona dice que se va por salud, hoy dice que no quiere hablar de las discrepancias en su partido por la que se fueâ€¦",,1466,0,0,0,1558230224902529027,2022-08-23 00:00:12.316961,EduardoMartnGo2,Sindicalista de cc. Oo,False,2018-11-19T18:18:57.000Z,Eduardo MartÃ­n Gonzalvez,116,279,30072,1,none,none,none,none,none,491,b26v89c19zqg8o3fpz5nhfkgednran28lugsfi5lt0ynx
2022-08-12T23:13:30.000Z,retweeted,1.5582277200011387e+18,Twitter for iPhone,1558230224894132228,everyone,en,935689362246860800,"RT @ReallyActivist: Straight up Trade.

Donald Trump for Brittney Griner.",,121,0,0,0,1558230224894132228,2022-08-23 00:00:12.316961,GabrielleSuth19,Liberal resister from KS vote Blue! Mother & Grandmotherâ€”Love my Standard Poodle,False,2017-11-29T01:58:23.000Z,Gabrielle Sutherland,235,1130,5715,0,none,none,none,none,none,491,b26v89c19zqg8o3fpz5nhfkgednran28lugsfi5lt0ynx
2022-08-12T23:13:30.000Z,retweeted,1.5579196327443825e+18,Twitter for iPhone,1558230224885559296,everyone,en,1113976389223346177,"RT @PamKeithFL: It is simply not possible to express in words the amount of damage Donald Trump has done to this country. 

And all of it câ€¦",,6744,0,0,0,1558230224885559296,2022-08-23 00:00:12.316961,JessicaHolzing1,"Wife, Christian, writer, feminist, cat mom. Just a kid, trying to adult and figure this thing out. Be kind- Jesus said so.",False,2019-04-05T01:27:22.000Z,keepersofthepeace,36,252,3404,0,none,none,none,none,none,491,b26v89c19zqg8o3fpz5nhfkgednran28lugsfi5lt0ynx
2022-08-12T23:13:30.000Z,retweeted,1.5582162247016653e+18,Twitter for iPhone,1558230224860577796,everyone,es,221518411,"RT @Congreso_HND: ğŸ‡­ğŸ‡³ğŸ›ğŸ‡¨ğŸ‡· En nombre del pueblo hondureÃ±o, el Congresista Presidente, @Lredondo, agradeciÃ³ al titular de la Asamblea Legislatiâ€¦",,9,0,0,0,1558230224860577796,2022-08-23 00:00:12.316961,SomosAnticorrup,Somos AnticorrupciÃ³n,False,2010-11-30T21:55:24.000Z,SOMOS ANTICORRUPCIÃ“N,356350,24148,27579,577,none,none,none,none,none,491,b26v89c19zqg8o3fpz5nhfkgednran28lugsfi5lt0ynx
2022-08-12T23:13:30.000Z,retweeted,1.5580393692896952e+18,Twitter for Android,1558230224805953538,everyone,en,927806677742649344,RT @xavierofficials: â€œwow youâ€™re up earlyâ€ i never went to sleep,,10358,0,0,0,1558230224805953538,2022-08-23 00:00:12.316961,qanyeki_nancy,"I think,therefore I am

Poet,script writer,..Economics student at Maseno

     Simplicity is sophiatication",False,2017-11-07T07:55:24.000Z,Nancy Qanyeki,198,159,771,0,none,none,none,none,none,491,b26v89c19zqg8o3fpz5nhfkgednran28lugsfi5lt0ynx
2022-08-12T23:13:30.000Z,retweeted,1.558086422405464e+18,Twitter for iPhone,1558230224717873157,everyone,es,270796588,"RT @Gaby51904891: QuiÃ©n no respeta las Instituciones, no puede exigir respeto.
QuiÃ©n no respeta las leyes, no puede exigir respeto.
QuiÃ©n nâ€¦",,113,0,0,0,1558230224717873157,2022-08-23 00:00:12.316961,luiscarriolaria,,False,2011-03-23T08:08:27.000Z,Luis M. Carrio Laria,1221,1716,180605,18,none,none,none,none,none,491,b26v89c19zqg8o3fpz5nhfkgednran28lugsfi5lt0ynx
2022-08-12T23:13:30.000Z,replied_to,1.5582258144534733e+18,Twitter for iPhone,1558230224625668098,everyone,en,769971808049229824,@Y100Michiana_ @LeslieOnAir I love Anitta and maluma but yâ€™all really set them up when against nicki ğŸ’€,,0,1,4,0,1558225814453473282,2022-08-23 00:00:12.317459,Mayaminaj_,"nicki, bey, Rihanna, Ariana, Bad Bunny| I love you @nickiminaj| IFB!!!| unproblematic barb",False,2016-08-28T18:55:59.000Z,Maya MinajğŸ¦„ğŸ¦„ğŸ¦„,276,264,1005,3,none,none,none,none,none,491,b26v89c19zqg8o3fpz5nhfkgednran28lugsfi5lt0ynx
2022-08-12T23:13:30.000Z,retweeted,1.5577355991757947e+18,Twitter for iPad,1558230224621420544,everyone,en,20344269,"RT @DoctorWho_Today: If you wanna feel old, just know that the actress who played young Amy Pond has now aged up and is just Amy Pond...

#â€¦",,601,0,0,0,1558230224621420544,2022-08-23 00:00:12.317459,Michael_Mooney,All opinions my own. Or something i read but can't remember where. Undocumented immigrant from Glasgow,False,2009-02-08T00:55:22.000Z,Michael Mooney,851,1320,63412,29,none,none,none,none,none,491,b26v89c19zqg8o3fpz5nhfkgednran28lugsfi5lt0ynx
2022-08-12T23:13:30.000Z,,,Twitter for Android,1558230224613130240,everyone,en,196648387,That DOOM verse made me sad. Then the next track cheered me up with the screw faceğŸ˜¤,,0,1,0,0,1558230224613130240,2022-08-23 00:00:12.317459,cristian_collar,Do something good today.,False,2010-09-29T16:05:12.000Z,Cristian-AlexisğŸ‡µğŸ‡¦,156,1358,5402,1,none,none,none,none,none,491,b26v89c19zqg8o3fpz5nhfkgednran28lugsfi5lt0ynx
2022-08-12T23:13:30.000Z,retweeted,1.5581894322634383e+18,Twitter for Android,1558230224608940033,everyone,es,31476215,"RT @cesamo70: El presidente @lopezobrador_ ante la presiÃ³n de Washington dio la orden a las autoridades del orden pÃºblico, para ""mostrar reâ€¦",,90,0,0,0,1558230224608940033,2022-08-23 00:00:12.317459,Rafa_mexa,Solo un ciudadano que quiere a MÃ‰XICO Â¡Viva la vida!,False,2009-04-15T18:26:46.000Z,Rafael,821,1485,59249,4,none,none,none,none,none,491,b26v89c19zqg8o3fpz5nhfkgednran28lugsfi5lt0ynx
2022-08-12T23:13:30.000Z,retweeted,1.558104660036272e+18,Twitter for iPhone,1558230224579477504,everyone,en,1500925146680418309,"RT @ShibBPP: Test #2 with a hash tag !

$SHIB it up ğŸ”¼ğŸ”¼",,34,0,0,0,1558230224579477504,2022-08-23 00:00:12.317459,AliBiri82935971,,False,2022-03-07T20:03:48.000Z,Ali Biricik,65,78,5119,0,none,none,none,none,none,491,b26v89c19zqg8o3fpz5nhfkgednran28lugsfi5lt0ynx
2022-08-12T23:13:30.000Z,retweeted,1.5580865724945408e+18,Twitter for Android,1558230224487292929,everyone,pt,2961229990,RT @LucianoHangBr: Agora chegou a sua chance de demitir aqueles que infernizaram a sua vida. Lembre-se tudo de mau que fizeram foi para desâ€¦,,2639,0,0,0,1558230224487292929,2022-08-23 00:00:12.317459,isacrisborb,"Despachante ImobiliÃ¡ria, Catarinense, direita conservadora, bem casada c militar de reserva, lutando p um mundo melhor e decente aos meus netos",False,2015-01-05T00:08:48.000Z,Isabel Cristina c CPF - Em 2022 Ã© 22ğŸ‡§ğŸ‡·ğŸ‡§ğŸ‡·ğŸ‡§ğŸ‡·,9631,10593,128922,0,none,none,none,none,none,491,b26v89c19zqg8o3fpz5nhfkgednran28lugsfi5lt0ynx
2022-08-12T23:13:30.000Z,quoted,1.5575751563142758e+18,Twitter for Android,1558230224361455617,everyone,en,1553419837720113152,"@DonaldJTrumpJr While #Bitcoin was down 40% #SPKY was Up 70%. Thatâ€™s as #Bullish as it gets in a #Bearmarket ğŸš€

Check out #SpookyShiba today or you will cry tomorrow

BIG #CONTEST COMING 
@GerhardHacher @ShibaSpooky #BNB #BSC  #P2E #BTC #SHIBARMY

https://t.co/7OVJSvWPhX https://t.co/xLymD6DsnA",,0,0,0,0,1558178272604610560,2022-08-23 00:00:12.317459,Fatima_haxshmi,Casuall!,False,2022-07-30T16:38:56.000Z,Fatima Zahra,1,239,4958,0,none,none,none,none,none,491,b26v89c19zqg8o3fpz5nhfkgednran28lugsfi5lt0ynx
2022-08-12T23:13:30.000Z,,,Twitter for iPhone,1558230224327675904,everyone,en,925562469719740416,good morningg up for $5? like !,,3,8,66,0,1558230224327675904,2022-08-23 00:00:12.317459,shiexvii,social media and crypto promoter || proofs: #thankshie x #plushies â€¢ picker: app sorteos || @SHIECRYPT0,False,2017-11-01T03:17:43.000Z,shie ğŸª·,179578,155,8172,224,none,none,none,none,none,491,b26v89c19zqg8o3fpz5nhfkgednran28lugsfi5lt0ynx
2022-08-12T23:13:30.000Z,retweeted,1.5581511931589796e+18,Twitter for Android,1558230224235646977,everyone,es,1539601761979203585,"RT @jdavidcabello: Cumpliendo sus instrucciones presidente @NicolasMaduro, en este momento me encuentro en el estado #Zulia a fin de supervâ€¦",,1468,0,0,0,1558230224235646977,2022-08-23 00:00:12.317459,CruzL10073256,,False,2022-06-22T13:30:59.000Z,CruzL,75,92,45941,1,none,none,none,none,none,491,b26v89c19zqg8o3fpz5nhfkgednran28lugsfi5lt0ynx
2022-08-12T23:13:30.000Z,retweeted,1.5582278980913316e+18,Twitter for Android,1558230224134873088,everyone,es,4195451501,"RT @AlvarodLamadrid: El populismo siempre pone en crisis la democracia. Persigue opositores, jueces, fiscales, periodistas y asfixia la libâ€¦",,366,0,0,0,1558230224134873088,2022-08-23 00:00:12.317958,moreyra_luna,,False,2015-11-15T17:14:29.000Z,viviana luna moreyra,127,176,8693,0,none,none,none,none,none,491,b26v89c19zqg8o3fpz5nhfkgednran28lugsfi5lt0ynx
2022-08-12T23:13:30.000Z,replied_to,1.55792364777975e+18,Twitter Web App,1558230224042860544,everyone,en,1530700784400101376,"@robreiner Once a meathead always a meathead.  Glad to see you're living up to your legacy, Rob",,0,0,0,0,1557923647779749897,2022-08-23 00:00:12.317958,oneforthemoneey,"New to Twitter, A patriot who can't wait for 2024, Mom, Grandma, who loves her dog.",False,2022-05-29T00:01:40.000Z,One for the Money,268,527,1012,0,none,none,none,none,none,491,b26v89c19zqg8o3fpz5nhfkgednran28lugsfi5lt0ynx
2022-08-12T23:13:30.000Z,replied_to,1.5581196305348403e+18,Twitter Web App,1558230224017494017,everyone,en,442078276,@LadyTeapots It's up between B and C,,0,0,1,0,1558119630534840320,2022-08-23 00:00:12.317958,JenVanderputten,"Writer of code & SFF. #endseclusion, #BLM, #QuokkaCrew, #PositivityPass, @Moms4FAPE. She/her. Bi & figuring out the rest.",False,2011-12-20T18:39:55.000Z,Jen Vanderputten (she/her)ğŸ³ï¸â€ğŸŒˆâ™¿ğŸ‡ºğŸ‡¦,3667,3637,24074,29,none,none,none,none,none,491,b26v89c19zqg8o3fpz5nhfkgednran28lugsfi5lt0ynx
2022-08-12T23:13:30.000Z,retweeted,1.556624724972544e+18,Twitter for Android,1558230223916654592,everyone,ja,1251651237201604608,"RT @Blan_ocstyle: #ãƒ—ãƒ¬ã‚¼ãƒ³ãƒˆã‚­ãƒ£ãƒ³ãƒšãƒ¼ãƒ³
#ãƒ—ãƒ¬ã‚¼ãƒ³ãƒˆä¼ç”» 

ï¼¼æ–°ç™»å ´ğŸ‰ï¼
é›£ç‡ƒã‚¨ãƒ—ãƒ­ãƒ³ã‚’1åæ§˜ã«ãƒ—ãƒ¬ã‚¼ãƒ³ãƒˆğŸBBQã€ã‚­ãƒ£ãƒ³ãƒ—ãƒ•ã‚¡ã‚¤ãƒ¤ãƒ¼ã‚’OCã¨ä¸€ç·’ã«å§‹ã‚ã‚ˆã†ğŸ”¥

8æœˆ15æ—¥ã€†åˆ‡  ãƒ„ã‚¤ãƒ¼ãƒˆã§ç™ºè¡¨ğŸ””
ä»–ã®ç”»åƒã¯â–¶ï¸ https://t.co/qNEDjPaâ€¦",,170,0,0,0,1558230223916654592,2022-08-23 00:00:12.317958,saku_sato,,False,2020-04-18T23:18:25.000Z,Saku Sato,155,4806,75494,1,none,none,none,none,none,491,b26v89c19zqg8o3fpz5nhfkgednran28lugsfi5lt0ynx
2022-08-12T23:13:30.000Z,retweeted,1.5580221562182738e+18,Twitter for iPhone,1558230223912665089,everyone,en,1498950278565044226,RT @lildahyun: dahyun showing off her dancing skills and mosachaeng is just there hyping her up https://t.co/XDVQwMThTH,,451,0,0,0,1558230223912665089,2022-08-23 00:00:12.317958,Fanucha6,,False,2022-03-02T09:17:46.000Z,Fanucha,20,70,3366,0,none,none,none,none,none,491,b26v89c19zqg8o3fpz5nhfkgednran28lugsfi5lt0ynx
2022-08-12T23:13:30.000Z,quoted,1.5581945450950533e+18,Twitter for iPhone,1558230223900082176,everyone,en,321605740,"This is crazy, cause no Mania moment has lived up to this magnitude since. https://t.co/lclyP60eRX",,2,3,9,3,1558230223900082176,2022-08-23 00:00:12.317958,IOnlySayFacts,Tap in y'all: @TPortalCFB,False,2011-06-21T20:59:14.000Z,UGA NATIONAL CHAMPIONS,6543,5599,678536,97,none,none,none,none,none,491,b26v89c19zqg8o3fpz5nhfkgednran28lugsfi5lt0ynx
2022-08-12T23:13:30.000Z,replied_to,1.5582281917513318e+18,Twitter for Android,1558230223858065409,everyone,en,1094008863215575040,ok apparently i was high and drunk when i took this pic and i ended up sleeping in my chair after watching buzzfeed unsolved with all my plushies https://t.co/Jn9oqvXmZQ,,0,0,1,0,1558228191751331840,2022-08-23 00:00:12.317958,yanmeigoreng,yanmei â˜† 23 â˜† they/she/he â˜† enstars + jjba + twst â˜† digital artist + gamer â˜† 18â†‘ followers only â˜† warning: i partake ğŸŒ¿ğŸš¬,False,2019-02-08T23:03:33.000Z,jojo's bizarre adderall (3),82,137,17110,1,none,none,none,none,none,491,b26v89c19zqg8o3fpz5nhfkgednran28lugsfi5lt0ynx
2022-08-12T23:13:30.000Z,retweeted,1.5581493020605194e+18,Twitter Web App,1558230223836942337,everyone,en,1425391637241335808,"RT @GakkoVerse: &gt;&gt; Storytelling Competition | 5 Engineer Roles (WL) &lt;&lt;

+ One of the Gakkonians fell behind the delegation group. He wanderâ€¦",,2244,0,0,0,1558230223836942337,2022-08-23 00:00:12.318458,cartixpluto,I luv  pb carti,False,2021-08-11T09:40:30.000Z,Cartixpluto ğŸ”º,70,383,393,2,none,none,none,none,none,491,b26v89c19zqg8o3fpz5nhfkgednran28lugsfi5lt0ynx
2022-08-12T23:13:30.000Z,,,"Cheap Bots, Done Quick!",1558230223832854529,everyone,en,1183055205400797186,"Come oooon. You really canâ€™t understand how cute I am, can you? Youâ€™re so low class! And here I thought youâ€™d grown up a little too! I shouldnâ€™t have even bothered to come here.",,0,0,0,0,1558230223832854529,2022-08-23 00:00:12.318458,torikasabot,tweets torikasa quotes every hour or so â™¡ manual followback,False,2019-10-12T16:22:01.000Z,ğŸ‘âš”ï¸,173,62,24138,0,none,none,none,none,none,491,b26v89c19zqg8o3fpz5nhfkgednran28lugsfi5lt0ynx
2022-08-12T23:13:30.000Z,replied_to,1.5582293323504067e+18,Twitter for iPhone,1558230223828779009,everyone,pt,1447998878318567434,@averymurder @andrewgotico eu sempre fico tÃ£o confusa se eu respondo em pt ou eng kkkk,,0,1,0,0,1558220490518532096,2022-08-23 00:00:12.318458,anakinsfvs,as if every moment were the start of a story with ğğ§ğğ¥ğğ¬ğ¬ ğ©ğ¨ğ¬ğ¬ğ¢ğ›ğ¢ğ¥ğ¢ğ­ğ¢ğğ¬. â €â € â €â € â €â € â €â € â €â €,False,2021-10-12T18:53:43.000Z,izzy,1315,910,1596,6,none,none,none,none,none,491,b26v89c19zqg8o3fpz5nhfkgednran28lugsfi5lt0ynx
2022-08-12T23:13:30.000Z,retweeted,1.5582198666913137e+18,Twitter Web App,1558230223707148289,everyone,pt,987307644804321281,"RT @desmentindobozo: Bolsonaro fala que deu uma ""paulada"" nos bancos por causa do PIX.

AÃ­ vai o presidente do Banco Central, indicado peloâ€¦",,682,0,0,0,1558230223707148289,2022-08-23 00:00:12.318458,OnlyRehh,"Eu sou eu, e gosto de unicÃ³rnios.
Membro da Ursal e do ForrÃ³ de SP.
Estudando programaÃ§Ã£o :D",False,2018-04-20T12:31:00.000Z,Estranha Mas Legal,77,797,9073,0,none,none,none,none,none,491,b26v89c19zqg8o3fpz5nhfkgednran28lugsfi5lt0ynx
2022-08-12T23:13:30.000Z,replied_to,1.558163519736103e+18,Twitter for iPhone,1558230223681880064,everyone,pt,1257046876987277312,"@Jouberth19 Gostaria de acreditar na lei do retorno , se realmente houver , esses ministros sofreram com ela , e muita maldade sÃ³ pra eleger um bandido pra presidente .",,0,0,1,0,1558163519736102914,2022-08-23 00:00:12.318957,MFedersoni,Sou de direita e ponto Final . BOLSONARO 2022 ğŸ‡§ğŸ‡·ğŸ‡§ğŸ‡·ğŸ‡§ğŸ‡·ğŸ‡§ğŸ‡·ğŸ‡§ğŸ‡·ğŸ‡§ğŸ‡·ğŸ‡§ğŸ‡·ğŸ‡§ğŸ‡·ğŸ‡§ğŸ‡·ğŸ‡§ğŸ‡·ğŸ‡§ğŸ‡·ğŸ‡§ğŸ‡· SDV,False,2020-05-03T20:38:35.000Z,Maristela Federsoni,457,746,4983,0,none,none,none,none,none,491,b26v89c19zqg8o3fpz5nhfkgednran28lugsfi5lt0ynx
2022-08-12T23:13:30.000Z,retweeted,1.558228599282565e+18,Twitter for iPhone,1558230223665393666,everyone,en,808074322736713728,"RT @Kennn4k: Day parties are backkkk, hosted by playboy promotersğŸ¥³ğŸ«¡. August 14th pull up with ya drinks, smoke, allat we lit. Leave the bsâ€¦",,2,0,0,0,1558230223665393666,2022-08-23 00:00:12.318957,askboutlilcarl,Donâ€™t trust me cause ion trust you. #gramğŸ¯.,False,2016-12-11T22:21:46.000Z,playboycarl ã².,3361,1615,4802,2,none,none,none,none,none,491,b26v89c19zqg8o3fpz5nhfkgednran28lugsfi5lt0ynx
2022-08-12T23:13:30.000Z,quoted,1.5577892758185615e+18,Twitter Web App,1558230223568752641,everyone,en,1260336310725853186,Hunies if ur gay burn it up like a gay parade https://t.co/5huvYYtUdh https://t.co/qKnTo0xOj1,,2,0,7,0,1558230223568752641,2022-08-23 00:00:12.318957,m0xiewh0res,Lesbian Alabama royalty / 15,False,2020-05-12T22:29:40.000Z,www.P1SSG1RLZ.com,123,57,4652,4,none,none,none,none,none,491,b26v89c19zqg8o3fpz5nhfkgednran28lugsfi5lt0ynx
2022-08-12T23:13:30.000Z,retweeted,1.5582107459883704e+18,Twitter for iPad,1558230223556157441,everyone,en,401248694,"RT @BrianGitt: Wind power requires 370X more land than natural gas.

A 200-megawatt wind farm takes up 13 square miles.
 
A natural-gas powâ€¦",,805,0,0,0,1558230223556157441,2022-08-23 00:00:12.318957,MarkDampier,Author of Effective Investing. Non executive on 2 investment trusts. Loves investment. All opinions are my own.,False,2011-10-30T08:24:54.000Z,Mark Dampier,9782,696,18223,122,none,none,none,none,none,491,b26v89c19zqg8o3fpz5nhfkgednran28lugsfi5lt0ynx
2022-08-12T23:13:30.000Z,retweeted,1.5582124096717988e+18,Twitter for Android,1558230223480492033,everyone,es,117944912,RT @bereaguilarv: @RobertoMadrazo_ El presidente gobierna de espaldas a la ley y como se cree caudillo pues gobierna con decretos. Creo queâ€¦,,59,0,0,0,1558230223480492033,2022-08-23 00:00:12.319456,ElSitiodeAna,No concedo milagros Â¡Â¡hago milagros!! Algo asÃ­ como con los peces y los panes. Dios provee y a mÃ­ me toca multiplicarlo. ğŸ˜ŠğŸ™,False,2010-02-27T03:38:57.000Z,Ana La Milagrosa,9060,9436,206648,22,none,none,none,none,none,491,b26v89c19zqg8o3fpz5nhfkgednran28lugsfi5lt0ynx
2022-08-12T23:13:30.000Z,quoted,1.558227336981631e+18,Twitter for Android,1558230223430324226,everyone,es,244965525,"Y ella Â¿cuando se pondrÃ¡ a trabajar? Su funciÃ³n entre otras es mantener limpia la ciudad. El paÃ­s tiene presidente, que ella se dedique a lo suyo. https://t.co/cFBwaq4TKF",,0,2,3,0,1558230223430324226,2022-08-23 00:00:12.319456,CristinaQVi,IdeologÃ­a PolÃ­tica: Partido Nacional - Lacalle Pou,False,2011-01-30T15:12:27.000Z,ğŸ‡ºğŸ‡¾ Cristina Quero ğŸ‡ºğŸ‡¾,3391,3094,156528,14,none,none,none,none,none,491,b26v89c19zqg8o3fpz5nhfkgednran28lugsfi5lt0ynx
2022-08-12T23:13:30.000Z,,,Twitter for iPhone,1558230223421952002,everyone,en,1120137422,"A Black personâ€¦.who graduated from an HBCUâ€¦with journalist in their bioâ€¦.thatâ€™s in St. Louisâ€¦.asking whatâ€™s with all the smoke for the police, you canâ€™t make this up.",,6,2,13,0,1558230223421952002,2022-08-23 00:00:12.319456,IceQuebe_,I just be tweeting & shit.,False,2013-01-25T19:49:31.000Z,Pfizer SÃ¶ze,1978,1020,313892,19,none,none,none,none,none,491,b26v89c19zqg8o3fpz5nhfkgednran28lugsfi5lt0ynx
2022-08-12T23:13:30.000Z,replied_to,1.5580916749827482e+18,Twitter for iPhone,1558230223375593472,everyone,en,955113697311064064,@MarkMeuser Golly thatâ€™s a good one Mark. Did you think that one up all by yourself?,,0,0,0,0,1558091674982748160,2022-08-23 00:00:12.319456,schumann_bryan,Attorney,False,2018-01-21T16:23:45.000Z,Bryan G. Schumann,11,71,2797,0,none,none,none,none,none,491,b26v89c19zqg8o3fpz5nhfkgednran28lugsfi5lt0ynx
2022-08-12T23:13:30.000Z,replied_to,1.5582287314491802e+18,Twitter for iPhone,1558230223346438147,everyone,en,1523296920743161858,"@Feinsand Good, I'd rip up his contract up And light it on fire and then get rid of this punkï¿¼! you know how many people bust their ass staying in shape day in/out to play in this league and donâ€™t cheat and take pride playing this game the right way instead of cheating!  Zero respect",,0,0,2,0,1558228731449180160,2022-08-23 00:00:12.319456,LCruiser007,,False,2022-05-08T13:41:15.000Z,LandCruiser007,7,99,203,0,none,none,none,none,none,491,b26v89c19zqg8o3fpz5nhfkgednran28lugsfi5lt0ynx
2022-08-12T23:13:30.000Z,retweeted,1.5579471296157614e+18,Twitter for Android,1558230223304400898,everyone,en,1365449575092346885,RT @ReneGuillotine: BeyoncÃ© got my pallet for music so fucked up right now everything else feels a little unseasoned.,,1476,0,0,0,1558230223304400898,2022-08-23 00:00:12.319456,ClosetQueen5,Pro abolishment of 'Alpha male' PodcastersâœŠğŸ¾,False,2021-02-26T23:52:22.000Z,Masibonge.,112,1266,6917,0,none,none,none,none,none,491,b26v89c19zqg8o3fpz5nhfkgednran28lugsfi5lt0ynx
2022-08-12T23:13:30.000Z,retweeted,1.5581117241921044e+18,Twitter for iPhone,1558230223266660356,everyone,en,1272404783467560960,"RT @BleacherReport: .@idjmoore stepped up to intervene on a heated discussion between Panthers fans during Fan Fest ğŸ’™ @BRGridiron

(via @Keâ€¦",,302,0,0,0,1558230223266660356,2022-08-23 00:00:12.319456,DatChiefsFan,Yo,False,2020-06-15T05:45:30.000Z,GOCHIEFSâ,13,213,661,0,none,none,none,none,none,491,b26v89c19zqg8o3fpz5nhfkgednran28lugsfi5lt0ynx
2022-08-12T23:13:30.000Z,replied_to,1.558229442526331e+18,Twitter for iPhone,1558230223233204226,everyone,en,1495924404118867971,@tealavocado Fr I was sad asf when I woke up to juice dead one of the worst feelings waking up to someone u liked gone,,0,0,1,0,1558226584334745612,2022-08-23 00:00:12.319956,0TEKA00,17â™ ï¸ l 240 l SYX l TEMPEST l just want my flowers before im gone l @msaeria I @candycaneares I @bIackbratzdoIl,False,2022-02-22T00:52:32.000Z,ğ•‹ğ•–ğ•œğ•œğ•’ğ•£ğ•šğ•  ğ•‹ğ•™ğ•– ğ”»ğ• ğ•Ÿâ˜•ï¸,380,764,51305,13,none,none,none,none,none,491,b26v89c19zqg8o3fpz5nhfkgednran28lugsfi5lt0ynx
2022-08-12T23:13:30.000Z,retweeted,1.557953792125051e+18,Twitter for iPhone,1558230223140687872,everyone,en,449427738,RT @MsAlleykatXO: The sound messed up during Less than Zero and we were blessed with an a cappella version. ğŸ˜‚ #TheWeeknd #afterhourstilldawâ€¦,,784,0,0,0,1558230223140687872,2022-08-23 00:00:12.319956,_xovlitzv,diamond in a rhinestone world,False,2011-12-29T03:25:26.000Z,ABEL'S WIFE,988,827,43079,12,none,none,none,none,none,491,b26v89c19zqg8o3fpz5nhfkgednran28lugsfi5lt0ynx
2022-08-12T23:13:30.000Z,retweeted,1.5581994350705213e+18,Twitter for Android,1558230222998085632,everyone,en,534720794,RT @mayawiley: Public Service Announcement: You can get up to 10 years in prison for threatening a federal law enforcement officer. Have aâ€¦,,7769,0,0,0,1558230222998085632,2022-08-23 00:00:12.319956,KathleenWesterg,"We need a new legal system to prosecuteğŸ‡ºğŸ‡¦ 
#CrimesAgainstEarth",False,2012-03-23T21:10:37.000Z,"Kathleen Westergaard, MSW, RSWğŸ‡ºğŸ‡¦",4153,4973,139652,14,none,none,none,none,none,491,b26v89c19zqg8o3fpz5nhfkgednran28lugsfi5lt0ynx
2022-08-12T23:13:30.000Z,retweeted,1.5582231479749263e+18,Twitter for iPad,1558230222943662080,everyone,en,3308781515,RT @FreddieLana: I find it amazing that so many countries have stepped up against Russia &amp; Russians. They are invaders and butchers. Hats oâ€¦,,2,0,0,0,1558230222943662080,2022-08-23 00:00:12.319956,maegan_laporte,Proud Canadian hockey and curling fan freedom supporter Catholic Christian pro-life disabled and a patriot support constitutions of ğŸ‡¨ğŸ‡¦ğŸ‡ºğŸ‡¸,False,2015-06-05T00:24:04.000Z,Maegan Laporte unacceptable independent,3289,3519,734770,315,none,none,none,none,none,491,b26v89c19zqg8o3fpz5nhfkgednran28lugsfi5lt0ynx
2022-08-12T23:13:30.000Z,retweeted,1.55821018044518e+18,Twitter Web App,1558230222910230530,everyone,en,18169239,"RT @vanhappenings: Pick up a copy of this week's @georgiastraight, check out the list of over 30 events, then get out and support the artsâ€¦",,4,0,0,0,1558230222910230530,2022-08-23 00:00:12.319956,chorleoni,"Canada's JUNO-nominated classical male choir led by Artistic Director Erick Lichte. Posts by A Bell Vila, CL Marketing & Community Relations",False,2008-12-16T18:54:33.000Z,Chor Leoni,2247,1552,3935,109,none,none,none,none,none,491,b26v89c19zqg8o3fpz5nhfkgednran28lugsfi5lt0ynx
2022-08-12T23:13:30.000Z,,,Twitter for iPhone,1558230222817959941,everyone,en,729645559200407552,megan was fed up when she made this album,,0,0,0,0,1558230222817959941,2022-08-23 00:00:12.319956,THEYDOITFORKI,architect + interior designer | a leo,False,2016-05-09T12:13:52.000Z,ki.,3698,572,7498,19,none,none,none,none,none,491,b26v89c19zqg8o3fpz5nhfkgednran28lugsfi5lt0ynx
2022-08-12T23:13:30.000Z,,,Twitcom - Comunidades ,1558230222809473025,everyone,pt,121890789,novo status: pessoas que visitaram meu perfil https://t.co/ZpGhHKSywT,,0,0,0,0,1558230222809473025,2022-08-23 00:00:12.319956,jaecaus,leo,False,2010-03-10T23:13:22.000Z,leandro vitor,155,1405,3386,0,none,none,none,none,none,491,b26v89c19zqg8o3fpz5nhfkgednran28lugsfi5lt0ynx
2022-08-12T23:13:30.000Z,retweeted,1.5577574499935928e+18,Twitter for iPhone,1558230222788501505,everyone,en,375421732,"RT @joeIovesbees: Pussy got me flabbergasted, bamboozled, astonished, awed, mystified, baffled, rattled, amazed, in disbelief, thunderstrucâ€¦",,2705,0,0,0,1558230222788501505,2022-08-23 00:00:12.320455,adrian_aacc,ğŸ˜”ğŸ¤˜,False,2011-09-18T03:20:13.000Z,Ã†drian ğ“„ƒ,279,249,9423,0,none,none,none,none,none,491,b26v89c19zqg8o3fpz5nhfkgednran28lugsfi5lt0ynx
2022-08-12T23:13:30.000Z,retweeted,1.5582268275833897e+18,Twitter Web App,1558230222679449604,everyone,en,1493640591057559554,"RT @ACPeds: Leaked files expose harmful, drugs-first approach @ameracadpeds 
https://t.co/qfVWuHWarv 

Quentin L. Van Meter, M.D. of ACPedsâ€¦",,13,0,0,0,1558230222679449604,2022-08-23 00:00:12.320455,FedUpMom9,,False,2022-02-15T17:37:29.000Z,Fed Up Mom,13,138,705,0,none,none,none,none,none,491,b26v89c19zqg8o3fpz5nhfkgednran28lugsfi5lt0ynx
2022-08-12T23:13:30.000Z,retweeted,1.5578938534406144e+18,Twitter Web App,1558230222666858498,everyone,pt,1272574148833837056,RT @Brasil8128: @jairbolsonaro A â€œdemocraciaâ€ que o PT ajudou a construir. https://t.co/wbdayC7DhT,,628,0,0,0,1558230222666858498,2022-08-23 00:00:12.320455,manchablack,The truth is out there,False,2020-06-15T16:58:30.000Z,RogerVigley,59,205,4693,0,none,none,none,none,none,491,b26v89c19zqg8o3fpz5nhfkgednran28lugsfi5lt0ynx
2022-08-12T23:13:30.000Z,replied_to,1.5582294017493975e+18,Twitter for Android,1558230222578847746,everyone,en,1488254717612466177,"@mayawiley More likely the FBI would do that.

This only emboldens Trump with his followers.

Democrats literally proved there is a Deep State. Voters will gobble this up and vote Republican.",,0,0,0,0,1558229401749397511,2022-08-23 00:00:12.320455,CStevie1977,,False,2022-01-31T20:55:59.000Z,C. Stevie,44,1783,9435,7,none,none,none,none,none,491,b26v89c19zqg8o3fpz5nhfkgednran28lugsfi5lt0ynx
2022-08-12T23:13:30.000Z,,,Twitter Web App,1558230222465634304,everyone,en,1552585900290449411,"Well that was a thing. Thank you all for coming to the stream! It just wasn't meant to be I guess. I will rest up now, I hope you all will do the same! Have a great weekend!",,0,0,5,0,1558230222465634304,2022-08-23 00:00:12.320954,Pommemade,"Tubby tabby vtuber getting fit and losing weight! ğŸˆğŸ¥Š 
PFP: @corgi_koragi | Banner: @Krestmas
Art: #pommepaint | ğŸ”: #pommeplay",False,2022-07-28T09:25:09.000Z,Pomme,82,218,89,0,none,none,none,none,none,491,b26v89c19zqg8o3fpz5nhfkgednran28lugsfi5lt0ynx
2022-08-12T23:13:30.000Z,retweeted,1.5580387166561116e+18,Twitter for iPhone,1558230222411030530,everyone,en,1406707442831011840,RT @glossveins: weâ€™re gonna see gerard milfing it up on stage in 8 days i miss him and the others so much,,29,0,0,0,1558230222411030530,2022-08-23 00:00:12.320954,mcrsocialreject,i just got so emo that i fell apart,False,2021-06-20T20:16:15.000Z,maria å‡»,35,236,1730,0,none,none,none,none,none,491,b26v89c19zqg8o3fpz5nhfkgednran28lugsfi5lt0ynx
2022-08-12T23:13:30.000Z,retweeted,1.5577879518489068e+18,Twitter for iPhone,1558230222390132736,everyone,en,2900012830,RT @MahkaiChildress: U EVER CATCH YOURSELF WORKIN TOO HARD AT WORK &amp; BE LIKE â€œTHEY GOT ME FUCKED UPâ€ ğŸ˜‚,,18109,0,0,0,1558230222390132736,2022-08-23 00:00:12.320954,baddestalee,22â€¢ ğŸ‡¸ğŸ‡»ğŸ‡­ğŸ‡³â€¢ Viviendo y Disfrutando ğŸª,False,2014-12-01T00:46:34.000Z,Alee ğŸ§šğŸ»â€â™€ï¸,5,670,28957,2,none,none,none,none,none,491,b26v89c19zqg8o3fpz5nhfkgednran28lugsfi5lt0ynx
2022-08-12T23:13:30.000Z,quoted,1.5582299746744648e+18,Twitter for iPhone,1558230222243303424,everyone,en,1553526920448458754,The fox smiled happily! She warmed up to him pretty quick! https://t.co/55avQlAjrz,,0,0,0,1,1558230222243303424,2022-08-23 00:00:12.321453,aAshenFox,,False,2022-07-30T23:44:35.000Z,-Remi.,47,32,1227,0,none,none,none,none,none,491,b26v89c19zqg8o3fpz5nhfkgednran28lugsfi5lt0ynx
